sequence,antigramneg,antigrampos,bacteriano,cancer,fungico,microbiano,viral
CHKKHTVYC,1,1,1,0,1,1,0
GLGILFKGAAKGMSALLLLKCA,1,1,1,0,1,1,0
ALGIIKGEAGKGLTC,1,1,1,0,1,1,0
RKKKPYIIRP,1,1,1,0,1,1,0
NNQEGGVIGNGHR,1,1,1,0,1,1,0
GWAKKVKHGQ,1,1,1,0,1,1,0
IFKIVWAAWIW,1,1,1,0,0,1,0
SKWKKF,1,1,1,0,1,1,0
KKKRKEKRKKIRP,0,0,1,0,0,1,0
CWQIVWSA,0,0,0,0,0,1,0
GFYKPPWPKILF,1,1,1,0,1,1,1
CDFDVVAAC,1,1,1,0,1,1,0
RRTKKFKHCAT,1,1,1,1,1,1,1
CWQHVSRDC,1,1,1,0,1,1,0
GDLRFKGGKGKWGGKPLG,1,1,1,0,1,1,0
ILGVKLKGAAKLDVAVEATIRYF,0,0,0,0,1,1,0
CCHKHWSQC,1,1,1,0,0,1,0
KKKKVVKIPMGRVPGL,1,1,1,0,1,1,0
GLGDFLKHAH,1,1,1,0,0,1,0
RFSKPPCNPSGPV,1,1,1,0,1,1,0
GLP,1,1,1,0,1,1,1
CKQDHWVAC,1,0,1,0,1,1,0
RKRKVPERYSGYHCGD,0,1,1,0,0,1,0
LHKRVVAAKKV,1,1,1,0,1,1,0
FCHDIKKVRP,1,1,1,1,1,1,0
GLPKKLANW,1,1,1,0,0,1,0
RKHKVPEQC,1,1,1,1,1,1,1
GLKKTSKAVIRK,1,1,1,0,1,1,0
CLFKVWVQC,1,1,1,0,0,1,0
IVCKVYHVPAG,1,1,1,1,0,1,0
KKKRNKKRAP,1,0,1,0,1,1,0
RFWKKIKKRSKDWPWFNKLDSW,1,1,1,0,1,1,0
GKWTKFEHCQI,1,1,1,0,1,1,0
GLWHLAKRTVKGMKNMAA,0,1,1,0,0,1,0
GTLVCSKKWLI,1,1,1,0,1,1,0
GKKRKKIIVW,0,0,1,0,0,1,0
KKTRRWKRSFIYIGGLP,1,1,1,0,1,1,0
HKQLVVVAENHLV,0,0,1,0,0,1,0
KKRRKFKRKSIRKCAK,1,1,1,0,1,1,0
GLPIMFKKMAKGGAKK,1,1,1,0,1,1,1
GLWVLKKEAKKGGGG,1,1,1,1,0,1,0
KDKKPIKRKQ,0,0,0,0,0,1,0
KNHAKHQRCRITWEWMAN,1,1,1,0,0,1,0
CDLDVIWAW,1,1,1,0,1,1,1
CLQKLVKAYKA,1,1,1,1,0,1,0
KLKKLAKAY,1,1,1,0,0,1,0
GLIVVAASW,0,0,1,0,0,1,0
GGGTIKPGAGKKLRAGAGEKR,1,1,1,0,1,1,0
FYHIVPSPRAKG,0,0,1,0,0,1,0
CKKKVFADWII,0,0,1,0,0,1,0
GLIVVSKRAASGELKLPRACCVVA,1,1,1,0,1,1,0
AVRDFHHQGF,1,1,1,1,1,1,1
ILIHVVAAYIGGL,0,0,1,0,1,1,1
GLCDQ,1,1,1,0,1,1,1
KTFKLWARKQTYECDWRL,1,1,1,0,1,1,0
KKWEKYYRCIVLNVYKKL,1,1,1,0,0,1,0
SCQEELPIYWEWRIRHCGS,1,1,1,0,0,1,0
RFDFPRYFKY,0,0,0,0,1,1,0
GLPGKKRGAGKIHPKHASGKCKTK,1,1,1,0,0,1,0
RLSKVGKNASNFVQNVFC,1,1,1,0,0,1,0
HFKPPYIDRP,1,1,1,0,0,1,0
GIIHDWKAAAKGL,0,1,1,0,0,1,0
CEQDRVAAC,1,0,1,0,0,1,0
PKKRKWIQRP,1,0,1,0,0,1,0
KLNVQITMISIC,1,1,0,0,1,1,0
RFRRPKIKRP,1,1,1,1,1,1,1
GYTRCKSICK,1,1,1,0,1,1,0
HFKMHAIAI,1,0,1,1,0,1,0
MFKRRKKR,1,1,0,0,1,1,0
GLPIVSAAFAKWLGK,1,1,1,0,0,1,0
CKIRVWIKI,1,1,1,0,0,1,0
CKK,1,1,1,0,0,1,0
KKHEKPIIQYVYHR,1,1,1,0,1,1,0
AIDKNSRFSYG,1,1,1,1,0,1,0
GKFFQKKRQHVVMCHLALY,1,1,1,0,0,1,0
DKHKAKKCCA,1,0,1,0,0,1,0
GMHMKIKKKK,1,1,1,0,1,1,0
RRKISKRRASIAHCGAPSYDR,0,0,0,0,0,1,0
GLFR,0,0,0,0,0,1,0
RKRELWQKVNHHIL,1,0,1,0,0,1,0
GLKHELKALWK,1,1,1,0,1,1,0
CGTEQHATPG,1,0,1,0,0,1,0
GLHHRFKRAVKGLWGKTRMRYV,1,1,1,0,1,1,0
RAKHRKKKRKHWN,0,0,0,0,0,1,1
CRTPYDRPR,0,0,0,0,0,1,0
ACCEAPNQC,0,0,0,0,0,1,0
CKKMPIAIK,0,0,0,0,0,1,0
HKCMCASKC,0,0,0,0,0,1,0
RFHPPKYNRSL,0,0,0,0,0,1,0
GDLIKSEKWFKGW,0,0,0,0,0,1,0
CKCEVWNYCNGSLNDE,0,0,0,0,0,1,0
ILLVVSKQCVTM,0,0,0,0,0,1,0
GWLRRIRRLG,0,0,0,0,0,1,0
GFFRKIKRVKIW,0,0,0,0,0,1,0
GLLGKIKGAWKKLKAQLWLKKPEQN,1,1,1,0,1,1,0
RKGKPKIKRPPKKPRAYKRRR,0,0,0,0,1,1,0
CFRPPWWQP,0,0,0,0,1,1,0
GRGFPKLKRWIRMPCCMI,1,1,1,0,0,1,0
TKAIPGGYC,1,0,1,0,1,1,1
GLPTVSEFTMKGL,0,0,0,0,0,1,1
CFWKQSEAC,0,0,0,0,0,1,1
GLCEIIERCGKGLCSNND,1,0,1,0,0,1,1
RKSALYAND,1,1,1,0,0,1,0
GLGDRLKGAGKGLKW,1,1,1,0,1,1,0
GFRMFISKWK,1,0,1,0,0,1,0
HFKKHASP,1,1,1,0,1,1,1
CPDSQTPYTCGGLWQN,1,0,1,0,0,1,0
IKWKVWPKCVCFV,1,0,1,0,0,1,0
SKKKPWPAEIVP,1,0,1,0,0,1,0
MFDFPSIPKS,1,1,1,0,1,1,0
GLGSIIKGAAKGLSKHASLKCKEK,1,1,1,0,1,1,0
RKKEVWAYC,0,0,0,0,0,1,0
ILGVKGKGAGKILRAHGTQSEK,1,1,1,1,1,1,1
KLKKKRKSYFDL,1,1,1,0,0,1,0
RKGEPQTV,1,1,1,0,1,1,0
LDKRPYIPRY,1,1,1,1,1,1,1
CKQAGGIFG,1,1,0,0,1,1,0
GVLTVSEPC,1,1,1,0,1,1,0
HKQEPYPLRY,0,0,0,0,0,1,0
RKRKVAADG,1,1,1,0,0,1,0
CFCKVVVAS,1,1,1,0,0,1,0
CKKRPSDKRP,1,1,1,0,0,1,0
FCRCHYGICKHH,1,1,1,0,1,1,0
RFYAKFSIR,1,1,1,0,1,1,0
GTPRCIGWVKK,0,0,1,0,1,1,0
KKCAVTERCMVYLTSL,0,0,1,0,1,1,0
KASRPVLRKIVWK,1,1,1,1,0,1,0
WKQRLVKRKKI,1,1,1,1,1,1,0
CRRRPSDQPP,1,1,1,1,1,1,0
KKFKKIKRKFI,1,1,1,0,0,1,0
CKCEVWEAC,1,1,1,0,0,1,0
CCQEHPIPG,1,0,1,0,0,1,0
IKGVKGKAAASIWYA,1,1,1,0,0,1,0
QSGEIKKGGGQSKGH,1,1,1,0,1,1,0
GVRQFSKKCKKW,1,1,1,0,0,1,0
CDKKVVFVSE,1,1,1,0,0,1,0
WLYTVGVYG,0,0,1,0,1,1,0
GDPRPISPC,1,1,1,0,1,1,0
ILYDVPAAVSGLF,1,1,1,0,1,1,0
GLLKLKKGAKKGDWKVLQPISYY,1,1,1,0,0,1,0
KFKRPWIKK,1,1,1,0,0,1,0
FKRPFYYPR,1,1,0,0,0,1,0
CLGHRVWACS,1,1,1,0,0,1,0
KKFIV,1,1,1,0,0,1,0
PKFRRWAKCKFH,0,0,0,1,1,1,1
RFRRKFRRKRIRW,1,1,0,0,0,1,0
CLKDLACA,1,1,1,0,1,1,0
CDRTGSECYLI,1,1,1,0,1,1,0
KFWKKSKKKSI,1,1,1,0,1,1,0
CDKDVWAACIVH,1,1,1,0,0,1,0
KKKRVWKRNKI,0,0,0,1,0,1,0
MGWRKIIGLAIKGVA,1,1,1,0,1,1,0
CDLTGTEPSGQILLCH,1,1,1,0,1,1,0
KKFRKIKRKWIYNKQPG,1,1,1,0,1,1,0
CLGDIAAACKGGV,1,1,1,0,1,1,0
GLRRKIKKVRKR,1,1,1,0,0,1,0
GKCMVGAHC,1,1,1,1,1,1,0
PFKPPKLLRYPR,1,1,1,0,0,1,0
RLKILSKKAFKIAGVARS,1,1,1,0,0,1,0
GLGKVVKYGAGGRCDGAH,0,0,1,0,1,1,0
IKN,1,1,1,0,1,1,0
GLPPVIKLDAK,1,1,1,1,1,1,0
CLFAVTAYTNGGL,1,1,1,0,0,1,0
SVPV,1,1,1,0,1,1,1
RKVELQNFGSGNVQD,1,1,1,0,0,1,0
CLKYKWNYCI,1,1,1,1,1,1,1
GLGHIIGGCKGHLLS,1,1,1,0,1,1,0
SKFREWFQC,1,1,1,0,0,1,0
GKRMVVAACKCW,1,0,1,0,0,1,0
CDLIVSKTCH,1,1,1,0,0,1,0
CKQDVWVAC,1,1,1,0,1,1,0
RPKKLFKDEIC,1,1,1,0,1,1,0
GLWVDVAACIGGLLGLGAP,0,1,1,0,1,1,0
KKSKKVKI,1,1,1,0,1,1,0
AKWMVGAVI,1,1,1,0,1,1,0
RADKKREYC,1,1,1,0,1,1,0
KDKKKKLKKWI,1,1,1,0,1,1,0
FCCEHPSYGCSSL,1,0,1,0,0,1,0
IFYEHQPQG,1,1,1,0,1,1,0
GWGGKIRRGWIGHKCTAEY,1,1,1,0,1,1,0
MFKKKKLPRQ,1,1,1,0,1,1,0
CKDKVPVAS,1,1,1,0,0,1,0
GEFCVVNYPYVMLLLDA,1,1,1,0,1,1,0
CDKTHWSAC,1,1,1,0,1,1,0
FLSILFKAAIGLLGIYHAQ,1,0,1,0,0,1,0
GDL,1,1,1,0,1,1,0
PKKRHWWQI,0,0,0,0,1,1,0
GLCVIVKKAKKGLGIAARPEHV,1,1,1,0,1,1,0
CIFDLSKLCKG,1,1,1,0,0,1,0
IPCKPRVPR,1,1,1,1,1,1,0
CKKKPKKKWQ,1,1,1,1,1,1,0
GLRRRIKKAKKWMLKFA,1,1,1,0,0,1,0
PKRKKRYQKY,1,0,1,1,1,1,0
RFSKPYFD,1,1,1,1,0,1,0
RKQEVRNYGSVLK,1,1,1,0,0,1,0
GLGDVGEGCAKGLWC,1,1,1,0,1,1,0
WLNKLAVAAGGVLGS,1,1,1,0,0,1,1
GIYCI,0,0,1,0,0,1,0
GLFDRIARAKKGLGKGMWPR,0,0,1,0,0,1,0
GVPIVEWHCAKG,1,0,0,0,0,1,0
RLRKSAKHAGK,1,1,1,0,1,1,0
GLIVDAAGAAGGLIEGFAALYVGT,1,0,1,0,0,1,0
FSCEVGNFGSGDLPGDRQAEQEH,1,1,1,0,1,1,0
GFKCCSSTC,1,1,1,0,0,1,0
FGCEKRFGQTMH,1,1,1,0,0,1,0
RKFRKKKRRQI,1,1,1,0,1,1,0
CKREVPAAP,1,1,1,0,1,1,0
CCCDVVSAC,1,1,1,0,0,1,0
GLGDLIKKYKKHL,1,1,1,1,1,1,0
KKKKVACYC,1,1,1,0,1,1,0
KLWKKIRYPM,1,1,1,0,0,1,0
ARRKPQFNPS,1,1,1,1,0,1,0
CRDEHYAAG,1,1,1,0,0,1,0
PKFRPKFTRWPRMVRC,1,0,1,0,0,1,0
GNTRKIQKCKIYMKGLA,1,1,1,0,1,1,0
CLQDAWAAC,1,1,1,0,1,1,0
IKQEHGAY,1,1,1,0,0,1,0
RPDKAAKFS,1,1,1,0,1,1,1
KRRRKIKGKRPIARWIAG,1,0,1,0,1,1,0
KKRKPKKKKKLR,1,0,0,0,0,1,0
CLQWRIVDEV,1,0,1,0,1,1,0
ILFDVWAAYKGLL,1,1,1,0,0,1,0
RLSKLLKGGFGFFFN,1,1,1,0,0,1,0
AKNEAPEACMGVAELL,1,1,1,1,1,1,1
GLGSIMFVAAGGLWG,1,1,1,0,0,1,0
GLIAVAAFQNGGL,1,0,1,0,0,1,0
CDQEVAAFE,1,1,1,0,1,1,0
CKDKVPAAYSFHV,1,1,1,0,1,1,0
CEDTHTAPC,1,0,1,0,0,1,0
CKKPPQSICP,1,1,1,0,0,1,1
CFRPHDPQIY,1,1,1,0,1,1,0
RKRMKQKKKPLRWVRI,1,0,1,1,1,1,0
CLCAHAEAS,1,0,1,0,1,1,0
TLDTKFKNTQGGPWVN,1,1,1,0,0,1,0
KLFCVIAAKISRN,1,0,1,1,1,1,0
RKDRKTEHCY,1,1,1,0,1,1,0
KFRRKIRKKKIR,1,1,1,1,1,1,0
SLDTWRKRWRKVP,1,1,1,1,1,1,0
GLFRKIKKKKIR,1,1,1,0,0,1,0
HLWAVWAQY,1,0,1,0,1,1,0
GLFDK,1,1,1,1,1,1,0
CDFLVVAAC,1,1,1,0,1,1,0
ALDSQVAAISGLL,1,1,1,0,1,1,0
KKKKPYYPC,1,1,1,0,1,1,0
RFTKGFKRRRL,1,1,1,0,1,1,0
CDKRFVSKRP,1,1,1,0,1,1,0
DKLGVWPPYV,1,1,1,1,1,1,0
CIFKVWWQC,1,0,1,0,0,1,0
CLFKVVVA,0,0,0,0,0,1,0
GRLMFKYPWY,1,1,1,1,1,1,0
GLWVVLKAAAKGG,1,1,1,0,1,1,0
CELMHVWICLL,1,1,1,0,1,1,0
CLQDAVAACAVGLLG,1,1,1,0,1,1,0
KKKKPAKLEKGLI,1,1,1,0,0,1,0
FLFYKLKLGAGL,1,1,1,0,1,1,0
HKRMHQWQIVLRM,1,1,1,0,0,1,0
KKVRKPAAG,1,1,1,1,0,1,0
RVRKPFKNSRC,1,1,1,0,1,1,0
CDKKVWIIC,1,1,1,1,1,1,0
FLII,1,1,1,0,0,1,0
ACRMWWCV,1,1,1,0,0,1,0
GLLVLLKEYKKGEGGLA,1,1,1,0,1,1,0
RKHKKFLRGRGCWCGVKKYR,1,1,1,0,0,1,0
HFCKHRWQC,1,1,1,0,0,1,0
GHLVRIKRC,1,1,1,0,0,1,0
GITVCSGKAKSG,1,1,1,0,1,1,0
KLVKLWAAY,1,1,1,0,1,1,0
GLFRLIKKAKAGIKKPA,1,1,1,0,0,1,0
TDKPPKILKY,1,1,1,1,1,1,0
KKKLLAKVTKG,1,1,1,0,0,1,0
RKCIQFKRAH,0,1,1,0,1,1,0
GLGKLLKGAGKKDWEVKKQLMKRV,0,1,1,0,1,1,0
KFKKPKLKKPIRHPRKVIMN,1,1,1,0,1,1,0
CRRRPISQII,1,1,1,0,1,1,0
HFWDHPWLI,1,1,1,0,1,1,0
GLIDVWAACKSLL,1,1,1,0,1,1,0
FLKLLAKAYQGLIGS,1,1,1,0,0,1,0
RKSFPYFNISP,1,1,0,0,1,1,0
CDKDEWVAG,1,1,1,0,0,1,0
GNFCAIAASKMYE,1,1,1,0,1,1,0
GKKKKKKKKKLKAPK,0,0,1,0,0,1,0
KLGVLSKRAKKYDKEAMGAA,1,1,1,0,0,1,0
CCQHVWAACIFHV,1,0,1,0,0,1,0
GLSKKLKKKGKFARISRG,1,1,1,0,0,1,0
RFRRPFIQKI,1,1,1,0,0,1,0
CPCEVPSAPS,1,0,1,0,0,1,0
KFWKKAYKC,1,1,1,0,1,1,0
GLPDVAAAI,1,0,1,0,0,1,0
GLHFKYKRKPWK,1,0,1,0,0,1,0
KLKRKYKKKP,1,0,1,0,1,1,0
GKPPVVEPP,1,0,1,0,0,1,0
GLCSVGQHYMKGLHD,1,0,1,0,1,1,0
GLGDSWIGLKFM,1,1,1,0,1,1,0
FFWRFFKKRVK,1,1,0,0,1,1,0
GLCVVWKACIGG,1,1,1,0,1,1,0
IKFKVWACYQGGVR,1,1,1,0,1,1,0
NKFEKQEAING,1,1,1,0,1,1,0
GLLCRIKGVWKGLCKKA,1,1,1,0,1,1,0
GFRRFIKKK,1,1,1,0,1,1,0
ILYKQGAAYIGFLQDLFAA,1,1,1,0,1,1,0
RKKKVFKASSKYSTVNRQA,1,1,1,0,0,1,0
GGQKMEKKAKGGELEGFGAR,1,0,1,0,0,1,0
IKKKKKKNKI,1,1,1,1,1,1,0
SDQTIPIACLG,1,1,1,1,1,1,0
GLFKLLAAIKSLMKI,1,1,1,1,1,1,0
GLDTVSENWA,1,1,1,0,1,1,0
CWQD,1,1,1,0,1,1,0
GDCAHMAECGKYLLWDG,1,1,1,0,1,1,0
GKTIFFKKCI,1,1,1,1,1,1,0
CLDDVVAYY,1,1,1,0,1,1,0
SGGI,1,1,1,0,1,1,0
CKQRLVAAGNGLLRL,1,1,1,0,1,1,0
RWRRFKRKRP,1,1,1,0,1,1,0
CKVKPRVDEIAYI,1,1,1,0,1,1,0
CDKDVWNAC,1,1,1,0,1,1,0
MFRRPFRKIP,1,0,1,0,1,1,0
KLFVVKKR,1,0,1,0,0,1,0
RIYKKFKNVRGFDRK,1,1,1,0,0,1,0
WTGLLIKASK,1,1,1,0,1,1,0
GFRCKILKKKIRN,1,1,1,1,1,1,0
CLKLFWRPFS,1,1,1,0,1,1,0
YLQEALKYYVGGLKIN,1,1,1,0,1,1,0
IKCKVPSICSGLV,1,1,1,0,1,1,0
HFWAVVWWW,1,0,1,0,0,1,0
RKKPPKRIRW,1,1,1,0,0,1,0
LDKLVVAPFY,1,1,1,0,1,1,0
GLGVLLKGAKKKGKILRGYWY,1,1,1,0,1,1,0
IDYIFPWPGS,1,0,1,0,0,1,0
KKWMCSARKIWM,1,1,1,0,1,1,0
GLIPPKKKRMWGGKCF,1,1,1,1,1,1,0
GLPIRLKICKKG,0,0,1,0,0,1,0
KKKKPYKNR,1,1,1,0,0,1,0
GLWSLIKKTV,1,1,1,0,1,1,0
GLKVIKKKAK,1,1,1,0,1,1,0
KLKKPFKAKI,1,1,1,0,1,1,0
RRKPPKRPRP,1,1,1,1,1,1,0
YTDTVVRGGSVGWRG,1,0,1,0,0,1,0
ILIKLFKVYNGGLTDDGGAR,1,1,1,0,1,1,0
CCQDAAAAC,1,1,1,0,1,1,0
RKRFPFSKRSNAHPVF,1,1,1,0,1,1,0
KKFVVGEHRS,1,1,1,0,0,1,0
GILPGGITCM,1,1,1,0,1,1,0
ILDDIAKAC,0,0,1,0,0,1,0
RIDTLSKRAFKGK,1,1,1,0,1,1,0
CWGHCIAAC,1,1,1,0,1,1,0
RFWKKFKLRSN,1,1,1,0,0,1,0
CKFHRKKAYKHGR,1,1,1,1,1,1,1
WLSAVWADPFD,1,1,1,0,0,1,1
GLRVRIKRLKK,1,1,1,0,0,1,0
CKFRVSATKYVMP,1,1,1,1,1,1,0
CGQT,1,1,1,0,0,1,0
KKTHVSRRCWIGHCGLR,1,1,1,0,0,1,0
ALDALLVF,1,0,1,0,0,1,0
KMFRPKKKWVHHKKRK,1,1,1,0,1,1,0
KVRILSKKWKICE,1,1,1,1,1,1,0
ILIIQGNYY,1,1,1,0,1,1,0
RLYKKPEDRSGYLWPC,1,0,1,0,0,1,0
HPQEVAAAE,1,0,1,0,0,1,0
RFWPPKKKRVL,1,0,1,0,0,1,0
RKHAKGENGS,1,0,1,0,0,1,0
GLGIRVAYDGKYLGSEG,1,1,1,0,0,1,0
CPDYTTVFD,1,1,1,0,0,1,0
KKGIRIQRCKNAWKFYA,1,1,1,0,1,1,0
CKKMHHSAC,1,1,1,0,0,1,0
GDCDVWAACKV,1,1,1,0,1,1,0
RLGSVSGHAAKGDKG,0,0,1,0,0,1,0
KKAKKGKGARVFLRGKETMY,1,1,1,0,0,1,0
PKKRPKIIRPPR,1,1,1,0,0,1,0
SACDLAKAGKGCN,1,1,1,0,1,1,0
GLLDVGRGGA,1,1,1,0,1,1,0
G,1,1,1,0,1,1,0
GLPIFIWPWV,1,1,1,0,0,1,0
GLLNVWVQCLVYL,1,1,1,0,1,1,0
ILCEHGVHC,1,1,1,0,1,1,0
CLFTVTVWPICH,1,1,1,0,1,1,0
CFLPPKPKRM,1,1,1,0,0,1,0
SWFKKSK,1,1,1,0,1,1,0
HCISAAVVCKHC,1,1,1,1,1,1,0
GLEEKLQKLGKRYCWSAADA,1,1,1,0,0,1,0
RIWKLSAANIGPVLDLRHWR,1,1,1,0,0,1,0
GHPDFLHGRH,1,1,1,0,1,1,1
CLLVQAKCEK,1,1,1,0,1,1,0
GTCKPTPACSVWSRD,1,1,1,0,0,1,0
GLVFKGKGQWKIMIIHLTR,0,0,0,0,0,1,0
GLGHLIKGAAKGTIK,1,1,1,0,1,1,0
RFKKPSRRRP,1,1,1,0,1,1,0
IDGFNV,1,1,1,0,0,1,0
GLPMYIG,1,1,1,0,0,1,0
CVCDVAAAYIGGL,1,1,1,0,0,1,0
GLKDHVAAC,1,0,1,0,0,1,0
FLCAGAPCYMGGL,1,0,1,0,0,1,0
GDI,1,0,1,0,1,1,0
FKCIPPFPP,1,1,1,0,1,1,0
RKKRKKKLRKPRK,1,1,1,0,1,1,0
CECDVHVAC,1,1,1,0,1,1,0
GIFRRIKRCKIR,1,0,1,0,0,1,0
IVKPPKRRRPRPWRPIAYTSMKVT,1,1,1,1,1,1,0
CPQHVVVIGNFGR,1,1,1,1,1,1,0
RLRKRFRKAVKGYIAHLLML,0,0,0,0,0,1,0
GLGHLIKAGFIYL,0,0,1,0,0,1,0
SNHTELADTTGLVSPCDLY,1,1,1,0,1,1,0
IDKDFDKPKP,1,1,1,0,1,1,0
CKKKVYAAC,1,1,1,0,0,1,0
CLGDVSVYTKMY,1,1,1,0,1,1,0
HHKPPRLCK,1,1,1,0,1,1,0
CPDEVRAADTGYRWLN,0,1,1,0,0,1,0
RFRE,1,0,1,0,0,1,0
CKKPPWILK,1,1,1,0,1,1,0
TLDTLSVAYQGGLLVAGHWTRARDG,1,1,1,1,1,1,0
HAT,0,0,0,0,0,1,0
PGKRPKRGKPERKCKMY,1,0,1,0,0,1,0
G,0,0,0,0,0,1,0
CFLSVI,0,0,0,0,0,1,0
RRKPPKRRRF,1,1,1,0,1,1,0
LFPVPLKKWACR,1,1,1,0,1,1,0
HFWRPIDTKP,1,1,1,0,1,1,0
RVHKKVKKAAKIWHKHLKVSEGACPR,1,1,1,0,1,1,0
DFKPPKKPRS,1,1,1,0,1,1,0
KFKKKRKRRRKRKQKLRYKRAW,1,1,1,0,0,1,0
CKKKPTFDKN,1,1,1,0,0,1,0
SGCVRWTYC,1,1,1,0,1,1,0
GKFARAAAYVGSL,1,1,1,0,0,1,0
RKRIPFINRP,1,1,1,0,0,1,0
WKQFHQEPR,1,1,1,0,1,1,0
CKFAVWEYCNVG,1,1,1,0,1,1,0
IKYEKPPQVVVPGV,1,1,1,0,1,1,0
FLPHILKAAAKGLS,1,1,1,0,1,1,0
GLLDRIKIC,1,1,1,0,0,1,0
GLFDVGAKCHGGI,1,1,0,0,0,1,1
GELRPMRKLCKRLKWHMKTK,1,1,1,0,1,1,0
KKHKKAKRVFGYIPFCVL,0,0,1,0,0,1,0
RRRRPKSQCK,1,1,1,0,0,1,0
RKSKKFKAASVVPPFIVLMS,1,1,1,0,0,1,0
PKKRPKDACKSVEV,1,1,1,0,0,1,0
GLKRCIKKAKKYWKKPAYLREK,1,1,1,1,0,1,0
CVDYVVRACLGGLRFN,1,1,1,0,1,1,0
KKFK,1,1,1,0,0,1,0
KTFVPKKIARARGRKG,1,1,1,0,1,1,0
RLITKLYHRLNFMPPQDLYV,1,1,1,0,1,1,0
CLQTVWAAC,1,1,1,1,1,1,0
HDKKRFKKK,1,1,1,0,1,1,0
ILYAIVKAAAGSLA,1,1,1,0,0,1,0
PDHRPKSIRP,1,1,1,0,1,1,0
GLPHAIKVCKKHL,1,1,1,0,0,1,0
GLLCVVKAVGKIRGKGHAA,1,1,1,0,1,1,0
G,1,1,1,0,0,1,0
LFKMWFYAWY,0,1,1,0,0,1,0
RKHPKRYHRVPEWVAQVDDYWRLKGR,1,1,1,0,1,1,0
RSHTRDRHASKDHIDHRKLERKR,0,0,0,0,1,1,1
PGIRHQITCP,1,1,0,0,1,1,0
GLFWKMAYGYVRMKWRAA,1,1,1,0,1,1,0
CKRCVHKKKM,1,1,1,0,1,1,0
LRKKPSYAKRWTWR,1,1,1,0,1,1,0
GLTDLVAAVAGGI,1,1,1,0,1,1,0
GLQHVWKAYKGYL,1,1,1,0,1,1,0
FLAIQGGFWNVGLLQ,1,1,1,0,0,1,0
GLGDCIKGAGKKNKKGML,1,1,1,0,1,1,0
RKRRKW,1,1,1,1,0,1,0
KKFKPKKKRVIGMKCKL,1,1,1,0,0,1,1
GLPSIIGGLAKGGACHL,1,1,1,0,0,1,1
GLGHIIKGAVKHLKI,1,1,1,0,1,1,0
KKKRKRIRKRPRK,1,1,1,0,1,1,0
GLFIRWKAQKKHLGG,0,1,0,0,0,1,0
GLFVVFKAAAKGGKGLFHARY,1,1,1,1,0,1,0
CIQTVWAAC,1,0,1,0,0,1,0
CDKPVRVPR,1,1,1,1,0,1,0
GLIHLIGGAKKGMTI,0,0,0,0,0,1,0
KKQEQLKAWIHLKEGK,1,1,1,0,1,1,0
CKDKPWIDCRG,1,1,1,1,0,1,0
CDPTPQIAC,1,1,1,0,1,1,1
RRRRPKIRRP,1,1,1,0,1,1,1
CKYAVYAAC,1,1,1,0,0,1,0
CDLRRISKCK,1,1,1,0,0,1,0
FLDIALKTPVKSM,1,1,1,0,0,1,0
RKRPPRYQKS,1,1,1,0,0,1,0
GLPDKLLKMA,1,1,1,1,0,1,1
GKFKKIKRKRIHKCKL,1,1,1,0,0,1,0
YLAQVVAAC,1,1,1,0,1,1,0
SPFEVSAYAVVYLWD,1,1,1,0,1,1,0
TKFNKVIMGAGRLRL,1,1,1,0,1,1,0
RTRHLKKRAGKADPIAMRLYEKK,1,1,1,1,0,1,0
GLPDVAKVCAKGM,0,0,0,0,0,1,0
CKQKVTVIE,1,1,1,0,0,1,0
CKCKVTAFC,1,1,1,1,1,1,0
GGPSGDLGKLKRHICKLESK,1,1,1,0,0,1,0
KLKRKKKKKKIRWKALAN,1,1,1,0,0,1,0
CFRMHPFQC,1,1,1,0,0,1,0
RKKAKQFNK,1,1,1,0,0,1,0
REGTVRENE,1,1,1,0,0,1,0
CFQDHVIA,1,1,1,0,0,1,0
KKKRPQIKKYL,1,1,1,0,1,1,0
PKRRPWDIC,1,1,1,0,0,1,0
KKRRPKKKRK,1,1,1,0,0,1,0
GLQIVLVAWK,1,1,1,1,1,1,1
GLQDVAKNEAGGI,1,1,1,1,1,1,1
GLGCKIKRAWKAWKWAARLDCKTA,0,1,1,0,0,1,0
KKKHKIAIKWIRKCAYR,0,1,1,0,0,1,0
CFRKVAKKCV,1,1,1,0,0,1,0
RRGPFSSQRS,0,0,1,0,0,1,0
PKGEV,1,1,1,0,0,1,0
CLQDVVAAC,1,1,1,0,0,1,0
RKFRPMPICPVRHRVLGG,1,1,1,1,0,1,1
WLYAVYAAGIGC,1,1,0,1,1,1,0
CTKGPSSP,1,1,1,0,0,1,0
CFRPKIKKK,1,1,1,0,0,1,0
KKFRVICICPV,1,1,1,0,0,1,0
RRKPPKYNRPP,1,1,1,0,1,1,0
CDWDVWWLC,1,1,1,1,1,1,0
LFKPKKKKKK,1,1,1,0,1,1,0
CFCLHWWQG,1,1,1,0,0,1,0
CKRRRWIRK,1,1,1,0,1,1,0
GLTIIIKVALK,1,1,1,0,1,1,0
RVLPGVKRRRI,1,1,1,0,0,1,1
KKWMPKKKHSHRKCAK,1,1,1,0,1,1,0
CVL,0,1,1,0,0,1,0
GKKVVVKKCKVR,1,1,1,0,1,1,0
ARKEWLFRGDVAHFGADS,1,1,1,0,1,1,0
RKKKVFPAY,1,1,1,0,1,1,0
PFKPHTIPK,1,1,1,0,1,1,0
CCIEAPAAC,1,1,1,0,1,1,0
KDKRPKLILP,1,1,1,0,1,1,0
PRLMPKIPRP,1,1,1,1,1,1,0
RFWRHAIPK,1,1,1,0,1,1,0
RFKKKRRLRSKDWPPAYKSNAPH,1,1,1,0,1,1,0
RFRLKFKRKI,1,1,1,0,0,1,0
QKFTPKEIRPPYLRRCDT,1,1,1,0,1,1,0
GLGRKFKKGAKFGKKVKGTSAGTYA,1,1,1,0,1,1,0
RKRMHDFHCE,1,1,1,0,1,1,0
LKKDHAWKKK,0,0,0,0,0,1,1
GLPGLIKANGKTLKK,1,1,1,0,1,1,0
RLRLACVVKYGYV,1,1,1,0,0,1,0
KRRKKFPRRWIFWKWVAYRR,0,0,1,0,0,1,0
GWGMCKLTLLKQMICWA,0,1,1,0,0,1,0
GLIDALAVCAGGLW,0,0,1,0,0,1,0
LLKLVWSRKKK,1,1,1,0,1,1,0
FPQTLQVVGV,1,1,1,1,0,1,0
CDCEVVSAC,1,1,1,0,0,1,0
CLIDVAVACKGGL,1,1,1,1,1,1,0
CKHRHQFIC,1,1,1,0,0,1,0
CLGDRVAAT,1,1,1,0,0,1,0
RKKFPYYHRPPVPRH,1,1,1,0,0,1,0
CKKPPYIDPI,1,1,1,0,0,1,0
AKLGKCIRRQ,1,1,1,0,0,1,0
GHTIRSKCYWSGGRGLSH,1,1,1,0,0,1,0
FKKRVKKKKKHRK,1,0,1,0,0,1,0
KKFRLIARCEIAEKGLMG,0,0,1,0,0,1,0
PKRRPFRIKR,0,0,1,0,0,1,0
GFKDPIKKRK,0,0,1,0,0,1,0
QPWTIGEVCNGSL,1,1,1,1,1,1,1
KKRRKYMQCY,1,1,1,0,0,1,0
GDPIIKSIRGKAAPCC,0,0,0,0,0,1,1
CLPDVVAAY,0,0,0,0,0,1,0
RKGEVPEHGSGNL,1,1,0,1,1,1,1
HFFLFIWKKFC,0,0,0,0,0,1,1
FLDTQAAFVSKYVFGDLLPR,0,0,0,0,0,1,1
CEHDKITKCL,1,1,1,0,1,1,0
CKDTPSVACSVYE,0,0,0,0,1,1,0
IIDTPSPPR,0,0,0,0,0,1,0
CDLHVWAQC,0,0,1,1,0,1,0
CDLKPSVIV,1,1,1,0,1,1,1
GLWKKFKNKVKGMRAVKAMSFP,1,1,1,0,1,1,1
GLGGKLKGTVKKVT,1,1,0,1,0,1,1
GLTCCEKGAHKGMGGQASLRSFKRN,1,0,0,0,0,1,1
LLRRFLKKRK,1,1,1,0,1,1,0
CDQRPVIPKY,1,1,1,0,1,1,0
GLWSSL,1,1,1,0,0,1,0
CGGE,1,1,1,0,1,1,0
LRRRYILRKKIT,1,1,1,0,1,1,0
GRKRFKGKRWIWGCAKIG,1,1,1,0,1,1,0
PKDPKYIPKT,1,1,1,0,1,1,0
RKKKPFCAPRVTFQHS,1,1,1,0,1,1,0
GLLCVEKKKAKPMKKHAELFC,1,1,1,0,1,1,0
CKFHLWRICKVHKLLHR,1,1,1,1,1,1,0
GGGGKRIKGA,1,1,1,0,1,1,0
CDKRPVIICY,1,1,1,0,1,1,0
CDVRFWIPC,1,1,1,0,1,1,0
CLRLLVRRY,1,1,1,0,0,1,0
HRRRPWAKC,0,1,1,0,0,1,0
CFGRFDLGKK,1,1,1,0,0,1,0
HFKKHFVQC,0,0,1,0,0,1,0
GKCTCQEICCYRHCCCN,1,1,1,0,0,1,0
HKGPFPIPI,1,1,1,1,1,1,1
LFKLHFLAKII,1,1,1,0,1,1,0
GLIVINKKVKKSLTKARD,1,1,1,0,1,1,0
KFKRPKILKR,1,1,1,0,1,1,0
GWLGEKRKLGKWWKCWIR,1,1,1,0,1,1,0
IKRRKYKRKI,1,1,1,0,1,1,0
CKFTRWARG,1,1,1,0,1,1,0
CAQDVWAAC,1,1,1,0,1,1,0
GVLRPWVCRKWPI,1,1,1,1,1,1,1
QKDTKYPNIRPYP,1,1,1,0,1,1,0
CKKRVVIIC,1,1,1,1,1,1,1
PFRRHICKKK,1,1,1,0,1,1,0
RKKEVRCAYSGLIQ,1,1,1,0,1,1,0
WPQTLQAAPMGCP,1,1,1,0,1,1,0
HDRRKKIKRPLR,1,1,1,0,1,1,1
MRRGKFYLIRNWHV,1,1,1,1,1,1,1
RLFKRWKAGQGV,1,1,1,0,0,1,0
RFWSGVICRPLRHIAHLL,1,1,1,0,1,1,0
FLSKKAINK,0,1,1,0,1,1,0
GLFALVKESFGGL,1,1,1,0,0,1,0
CKFLPWTKCP,1,1,1,0,0,1,0
CLQKLAVAC,1,1,1,0,1,1,0
GLWALWAKWIWM,1,1,1,0,1,1,0
WLQWLAKVWKAHI,1,1,1,0,1,1,0
CPDTPTAAP,1,1,1,1,1,1,1
KKDEKYLLKRVYAPRIYL,1,1,1,0,1,1,0
RKQKKIEYEWI,0,0,1,0,0,1,0
GLPSRLKGAGKGLKN,1,1,1,1,1,1,1
RERMHQINIY,1,1,1,0,1,1,0
PKKKPREIRSP,0,0,1,0,0,1,0
YFQMHQFL,1,1,1,0,1,1,0
CLVDAALAMN,1,1,1,0,1,1,0
GWATKFEGAWKGWCWHRKMRAVT,1,1,1,0,0,1,0
KKRRPFSRGPIRHCAYAD,1,1,1,0,1,1,0
WFKEVWADP,1,1,1,0,1,1,0
CDKTMDLHGQ,1,1,1,0,1,1,0
KKFRKYYKKI,1,1,1,0,0,1,0
GIFVKVKRAAFRRKGLRH,1,1,1,0,1,1,0
GLQDFPVFGKFG,1,1,1,0,1,1,0
CPCTLAVAY,1,1,1,0,1,1,0
GNIKLVQKGGVILTDGML,1,1,1,0,1,1,0
CEQRHWVPC,1,1,1,0,0,1,0
GLGGCKKKRKKK,1,1,1,0,0,1,0
GLLICSGKWVWGM,1,1,1,0,1,1,0
GWLMIIKKFL,1,1,1,0,0,1,0
GLFVLIKKSA,1,1,1,0,1,1,0
ILGKKGKIVFGLK,1,0,1,0,0,1,0
GL,1,1,1,0,1,1,0
CFKRPWLQK,1,1,1,0,1,1,0
HKRPPRIPK,1,1,1,0,1,1,0
CLIDLWAACKVHV,1,1,1,0,1,1,0
WLCEAAAAC,1,1,1,0,1,1,0
FCLEGPEIC,1,1,1,0,0,1,0
TKGVRFTKCK,0,0,1,0,1,1,1
GLRSFLWKKAWK,1,1,1,0,1,1,0
RACHAAKDG,1,1,1,0,0,1,0
TSPIHISTCMT,1,1,1,0,1,1,0
WHFKKWKCY,1,1,1,0,1,1,0
GHCVVSARCKI,1,1,1,0,0,1,0
KKKKPWVAG,1,1,1,0,0,1,0
FKKWLQIYRP,1,1,1,0,1,1,0
RKKFWWAAWYV,1,1,1,0,1,1,0
GLIKVWAKCK,1,1,1,0,1,1,0
GLGHLLKAAGGGLLGNAKIR,0,0,1,0,1,1,1
CCQHVGAAC,0,0,0,0,0,1,0
DKKRKWLKK,1,1,1,0,1,1,0
GLTKKFKRARKIKKGAALLREKVRR,0,0,0,0,1,1,0
HDRRHYPLRP,1,1,1,0,0,1,0
GKPVKVKRKAIGCRK,1,1,1,0,1,1,0
GKRRFISKCK,0,0,0,0,0,1,0
GIGVCKKGAKKWWGKGAGGW,1,1,1,0,0,1,0
GLACRWAAKIVVLGWMGG,0,0,0,0,0,1,0
HFWKVWAAC,0,0,0,0,0,1,0
RKKKLWKRCKIY,1,1,1,0,1,1,0
CVDKVEAFE,1,1,1,0,1,1,0
GFHKKFKRARIGKVWFAKLRALVR,1,1,1,0,0,1,0
CDKDVWEAC,1,1,1,0,1,1,0
PKRRKKKKKPIR,1,1,1,0,1,1,0
HFKRKILIK,1,1,1,0,1,1,0
GWRRKDDKK,1,1,1,0,1,1,0
CDYDVVAAC,1,1,1,0,1,1,0
CFRKPQMKR,0,0,0,1,0,1,0
IFFKKWEAY,0,0,0,0,0,1,0
CLQVVWTECI,0,0,1,0,0,1,1
GKTEVIRTAPVRHIYWAK,0,0,0,0,0,1,1
GLLDLIKKCKKGGLKMA,1,1,1,1,0,1,0
GWRSGKKKRQKRWACFLSGS,0,0,0,0,0,1,0
GRLKKFRGAGKIRTC,0,0,0,0,0,1,0
RKWKKKKGRSRFHRAK,0,0,0,0,0,1,0
PDHRPKIIRP,0,0,0,0,0,1,0
GARRKGSTCKS,0,0,1,1,0,1,0
ILHTTPLLLGRKV,1,1,1,1,0,1,0
CVWDVSEAC,1,1,1,1,0,1,0
KKKRLWKRKK,0,0,0,0,0,1,1
IKWKVSSPY,0,0,1,1,0,1,0
GFRFKIKRKRIRKP,1,1,0,1,1,1,0
HHDKKVVQG,0,0,1,0,0,1,1
GHTRRIKRVRKVWKGAAGTREPA,1,1,1,0,1,1,1
RRRDKGWQK,0,0,0,0,0,1,0
HKKRFWTKKKW,1,1,1,1,1,1,0
SNWKKLVVKIGLL,0,0,0,1,0,1,0
CDKRPVIPC,0,0,1,0,0,1,0
RFTKLSKIR,1,1,0,1,1,1,0
CEPHVVDRC,0,0,0,0,0,1,0
CCFRFKTPN,0,0,0,0,0,1,0
GFRFKIKRKRWR,0,0,0,0,0,1,0
GKFRKIKK,0,0,1,0,0,1,0
CNWKPAILKYL,0,0,1,0,0,1,0
GFPDFIWIKL,0,0,0,0,0,1,0
CLQDVWVA,0,0,0,0,0,1,0
CKKKPYIPPYV,0,0,0,1,0,1,0
KHNKVSKAYQGGI,1,1,1,0,0,1,0
CLDTVVAAYMVGDRGL,1,1,1,0,0,1,0
GILVREKGAVK,1,1,1,0,0,1,0
GLKVKFKKAKIW,1,1,1,0,1,1,1
CKREHWIQC,1,1,1,0,1,1,0
GLLDFIKPAK,1,1,1,0,1,1,0
CVFDVSAPC,1,1,1,0,1,1,0
RKWKVYVA,1,1,1,0,0,1,0
HRNRPFSPKSVM,1,1,1,1,1,1,0
CKFAVWAVCN,1,1,1,0,0,1,0
GKRIKIKRKSKGAPKSWQPY,1,1,1,0,1,1,0
RKYK,1,1,1,0,1,1,0
AKRERSCYSSFWRR,1,0,1,0,0,1,0
RLGKKNKHQPRGIFGAVLCDA,1,1,1,1,1,1,1
GLSYCIKRKFKRWCKN,1,1,1,0,1,1,0
IRRRFKKKAKIWWPKHRG,0,1,1,0,1,1,0
GLGHLKKTAKKWLKI,1,1,1,1,1,1,0
GKRPFKSQKVPW,1,0,1,0,0,1,0
GTITALAACASYELGL,1,1,1,0,0,1,0
RKYLKTNQG,1,1,1,0,1,1,0
CDKDRSVAC,1,0,1,0,0,1,0
RRRRKKIKRKIR,1,1,1,1,1,1,0
CKWRKFWKKYL,1,1,1,1,1,1,1
GLPVKGKGAAKGLREGLHYRYKG,1,0,1,1,1,1,0
SLDTITPYLLGGL,1,0,1,1,1,1,0
GLSKVSQAYAGGLSGLPSAR,1,0,1,1,1,1,0
RKFRLIQTWRAVMKL,1,1,1,0,0,1,0
GRTCLIKTKWIRMKGMAGLKSAFR,1,1,1,0,0,1,0
GWCHAITTCM,1,1,1,1,1,1,0
RKFRKRIIGPWYKKG,1,1,1,1,1,1,0
CEQDVWAAW,1,1,1,1,1,1,0
GLFKKWKRK,1,1,1,1,1,1,0
CKLYFWSPC,1,1,1,1,1,1,0
CKQEHWVY,0,0,0,0,0,1,0
ILDTVTVGAAGGL,1,1,1,0,0,1,0
GLGVKFKGAAKILKIHAAPARVE,1,1,1,1,1,1,0
IKDFKGEHRYPEH,1,1,1,0,0,1,0
ILCDVGAACNGGL,1,1,1,0,0,1,0
CKCDHWAAC,1,1,1,1,1,1,0
LAKIYIDAW,1,0,1,0,0,1,1
GFKPPKSKCS,1,1,1,0,1,1,0
GIPGKLKPMA,1,1,1,0,1,1,0
CLCEVTAYESGGL,1,1,1,0,1,1,0
GLLGVEKRA,0,0,1,1,1,1,1
CKRRRWKKCE,1,1,1,0,0,1,1
KFFRPFEAKIVMVRHLP,1,1,1,1,0,1,1
RLSILFKAAIKYGCGERQ,1,1,1,1,1,1,0
LFRRKFRKKF,1,1,1,0,0,1,0
GLTILLKAAGKGGTGLGGAQLM,1,1,1,0,1,1,0
KDGRKWKKKHI,1,1,1,0,0,1,0
CKKKPRILP,0,0,1,0,0,1,0
RTKKPKKF,0,0,1,0,0,1,0
HFFRVSIKC,1,1,1,0,1,1,0
RFDPPFRLRS,1,1,1,0,0,1,0
KKWKHGVAKIVYM,1,1,1,0,1,1,0
RKIALWAIGIFHN,1,1,1,0,0,1,0
GSPGVRANQMKFV,1,1,1,0,1,1,0
MEMEITQHS,1,1,1,1,0,1,1
CKQKVTAAG,1,1,1,0,0,1,0
YDGVRKSIAPGFLRRKR,1,1,1,0,0,1,0
QRHEPQYNHYLRHFAFD,1,1,1,0,1,1,0
CKQRRWAQCY,1,1,1,0,1,1,0
PCKRFKDICP,1,1,1,0,1,1,0
GLTVVGKHAAGGDHGLLHASSWYDRGP,0,1,1,1,0,1,0
TLYKLIKGE,0,1,1,1,1,1,1
GLHGRGKGAFKHHIGFIY,1,1,1,0,1,1,0
GLGVCIKRTIWY,1,1,1,0,1,1,0
CKKKVSAAY,1,1,1,0,1,1,0
FLPDFLWV,1,1,1,0,1,1,0
GYFRRIGTCVKRWLAKY,1,1,1,0,1,1,0
RKRKHYVQG,1,1,1,0,0,1,0
PGFIPKSICPVQ,1,1,1,0,1,1,0
FFSPPKKKKS,1,1,1,0,1,1,0
RKDFKFKAKII,1,1,1,0,0,1,0
LTNLVIAQWI,1,1,1,0,0,1,0
RKKKPRSIRPI,1,1,1,0,1,1,0
RKKKVSCNR,1,1,1,0,0,1,0
CFKAVYCAC,1,1,1,0,0,1,0
KKRRLFLKKQ,1,1,1,0,1,1,0
CDFAVAWIC,1,1,1,0,1,1,0
CTKEHMDAC,1,1,1,0,1,1,0
CLQHVWAAC,1,1,1,0,0,1,0
CSKKVAAAC,1,1,1,0,1,1,0
GLPVKVKHAAKGEHKGAHQSVSGKSGI,1,1,1,0,0,1,0
HHRRPWYPKY,1,1,1,0,0,1,0
CSQDHPAA,1,1,1,0,1,1,0
RVRKKKKPKFR,1,1,1,0,0,1,1
RLWILFRFGSK,1,1,1,0,1,1,1
GKWVLFAHKVIGGCY,1,1,1,0,0,1,0
LLTIWLKAFGKMP,1,1,1,0,0,1,0
G,1,1,1,0,0,1,0
GLPYKLKK,1,1,1,0,1,1,0
GLPCKIKRWAKRM,1,0,1,0,0,1,0
CFFKPRAPP,1,1,1,0,0,1,0
CKKDVWAAC,1,1,1,0,1,1,0
CEVAVEEFC,1,1,1,1,1,1,0
CEQHVVAYC,1,1,1,0,0,1,0
HFKKPYYRKYL,1,1,1,0,0,1,0
PKRRPKIIRP,1,1,1,0,1,1,0
PKRPPYIPI,1,1,1,0,1,1,0
GLGVLIKGKKHV,1,1,1,0,0,1,0
RKFVVIKKCKIR,1,1,1,0,1,1,0
RKCIVAEFSSGLL,1,1,1,0,1,1,0
GLTVMVLRCIRPKL,1,1,1,0,1,1,0
CEQAHTAYENWRL,1,1,1,0,1,1,0
GKFRKKKRKKIRWKTKA,1,1,1,0,1,1,0
DCLGTDEPRL,1,1,1,0,1,1,0
CHDDVRACP,1,1,1,0,1,1,0
CDW,1,1,1,0,1,1,0
KTFVCSKRAKIYWKGLRGARH,1,1,1,0,1,1,0
CKQDVGVPC,1,1,1,0,1,1,0
RKNEVYENC,1,1,1,0,0,1,0
GLLYLIKRTGKGRWIPAKLG,1,1,1,0,0,1,0
MFNTKYYDPM,1,1,1,0,0,1,0
GKWRKILKKKIRMKKKAEWKC,1,1,1,0,1,1,0
KKSKKLARQRARKFALKA,1,1,1,1,0,1,0
CWRHVHKRWK,1,1,1,1,0,1,1
GKFKLIKRAQKYIGGDAHARY,1,1,1,1,1,1,0
RFRPPKIKRP,1,1,1,0,0,1,0
HVRLKTWLIVR,1,1,1,0,0,1,0
CFKLVWSA,1,1,1,0,0,1,0
KRKKPWKQK,1,0,1,0,0,1,0
ILWLLLAAFII,0,0,1,0,0,1,1
CKFAVWWAC,1,1,1,0,1,1,0
GLKLFVAKW,1,1,1,0,1,1,0
GLLCGIETTGKRMLKKAW,1,1,1,0,1,1,0
GLIFQERRAVKGMKGHRGRDCV,1,1,1,0,1,1,0
RLSLLPKRGGGHYTY,1,1,1,0,0,1,0
DGLGTE,1,1,1,0,1,1,0
KKKKKYKRKIH,1,1,1,0,1,1,1
GLGIQSRRACKGGGIALKLREK,1,1,1,0,0,1,0
KKKEAYFAI,1,1,1,0,0,1,0
KLKRLVAAQRVTIRLLGGT,1,1,1,0,1,1,0
GLRGQLRKAWKGMKWWASYK,1,1,1,0,1,1,0
GILRRIKKKII,1,1,1,0,1,1,0
PKKRFQSICY,1,1,1,0,1,1,0
CFLDHSVQP,1,1,0,0,1,1,0
HDPDFKSPVA,1,1,1,0,1,1,0
RIYKKNKGAKHIWGG,1,1,1,0,1,1,0
PYLPPKSPRL,1,1,0,0,1,1,0
CKKKVWVQC,0,0,1,0,1,1,1
GLIDLLGGTIGK,0,0,1,0,1,1,1
CLTLLSKAYKGGP,1,1,1,0,1,1,0
KFKPVFYNKIW,1,1,1,0,1,1,0
GD,1,1,1,0,1,1,0
GLWKKIKKGMI,1,1,1,0,1,1,0
CKQKKWWQK,1,1,1,0,1,1,0
CDQKLWIAE,1,0,1,0,0,1,0
RKIDAASQC,1,1,1,0,1,1,0
KLILQIGIWHGAK,0,0,0,0,1,1,0
HKQMVYWDC,1,1,1,0,0,1,1
GLFKLSKAY,1,1,1,1,0,1,1
CKKAVSEDC,1,1,1,1,0,1,1
KKKKVWEDC,1,1,1,1,0,1,1
CKQRKHFVGI,1,1,1,0,1,1,0
GLIVVAKVASKIL,1,1,1,1,0,1,0
PRWRFKSKKK,1,1,1,0,1,1,0
CLGDLLKKCKHT,0,0,0,0,0,1,0
GRKRFIKKCKTW,1,1,1,0,1,1,0
GLPVWIKRN,1,1,1,1,0,1,1
PFLRKIIKKPIR,1,1,1,0,1,1,0
RLLYKGKPRMKG,1,1,1,1,0,1,0
GLTHLIKKCKGSL,1,1,1,0,1,1,0
CKDKPRVFK,1,1,1,0,0,1,0
HFYKVQAAP,1,1,1,0,1,1,0
KRKRPKIKP,1,1,1,0,1,1,1
GGGGIKKGAGKWMKKPM,0,0,1,0,0,1,0
AKRMKKYQIYL,0,0,0,1,0,1,0
GLGHIMKRAGKGLWINAAPEY,0,0,0,1,0,1,1
GKTVKIKRRAKRHCGKAALRCK,0,0,0,0,0,1,0
CDKKPVVIG,1,1,1,0,1,1,1
CLCEQGSDPLG,0,0,0,0,0,1,0
GWWTHWKKLW,0,0,0,0,0,1,0
GLFHLSAAWNGGL,0,0,1,0,0,1,1
SDDTVVEHA,0,0,0,0,0,1,0
CVKSPELKRW,1,1,1,1,0,1,0
GCGDFVSICK,0,0,0,0,0,1,0
ALLCVVVQG,0,0,1,1,1,1,1
IVDTVGPHTSGGLSGNKHQR,0,0,1,1,0,1,0
KWRRPKSKCVERMCCK,1,1,0,1,1,1,0
WCGEVPEPGSGKV,0,0,0,0,0,1,1
CDLDVWWAC,0,0,0,1,0,1,0
RTRPPRRRARGYPPGAKN,0,0,0,1,0,1,0
GFPRFKLIKPLR,0,0,1,0,0,1,0
CPCTVVEDCNVHLSD,0,0,0,0,0,1,0
HRRKHSWNC,0,0,0,0,0,1,0
RKTFKKLIRHPFHPGAYKRLAWVKVVQEHV,1,1,1,1,1,1,1
PFVMPYWQKY,1,1,1,1,1,1,1
FLGSQLGFAWKFLAGVFSARA,0,0,0,0,0,1,0
WPCEWTEAG,0,0,0,0,0,1,1
RKRHANQAGM,1,1,0,1,1,1,0
FLKKHAKAD,0,0,1,1,0,1,0
MTGRFKIPRW,0,0,1,1,0,1,0
K,0,0,1,0,0,1,0
CKKRLFTRPI,1,1,0,1,1,1,0
GKFIRKKKVKIRWKGLI,1,1,1,1,1,1,1
GLAVLIKGAWKWMCKGRGLK,0,0,0,0,0,1,0
RKKKQRKLRSKLARWIRG,1,1,1,0,1,1,0
CDKPPWIPRY,1,0,1,0,0,1,0
MWGRFIRINP,0,0,1,0,0,1,0
GLLDCIKRCH,1,1,1,0,0,1,1
RFHDTYVNG,0,1,1,0,0,1,0
CLCAVWAAEVGGL,1,1,1,0,1,1,0
CKFHRWEQC,1,1,1,0,1,1,0
GIGHVGNFGRGGERL,1,1,1,1,1,1,0
FSSEFLFIISNFGVA,1,1,1,1,1,1,0
RKKKKRERK,0,0,1,0,0,1,0
ARRPFSIPRY,1,1,1,0,0,1,0
GLLIKKKKLAKAAPKHAEPSHKRHRI,0,0,1,0,0,1,0
CFKDVVKRN,0,0,1,0,1,1,1
PKKIVKEICSVNYN,0,0,1,0,0,1,0
RARWKCQVDKIYMKWVAGYDY,1,1,1,0,0,1,0
FLCTVGAVTGGLLWG,1,1,1,0,0,1,0
CDLSRDTPCL,1,1,1,0,0,1,0
CVKKLRFRIV,1,1,1,0,0,1,0
HDRPGQHHRY,1,1,1,0,0,1,0
RCKEPRFVRSQ,1,1,1,0,1,1,0
GRLGPKPRWRKW,1,1,1,1,1,1,0
SPKFWFVQGDCT,1,1,1,0,0,1,0
RRRKKKKKKFIWWCRC,0,0,1,0,0,1,0
RRKMFFGNI,0,1,1,0,0,1,0
CDKDVWAPC,1,1,1,0,0,1,0
GLPDIKSPCA,1,1,1,0,0,1,0
QKKIVAADDTWCV,1,1,1,0,0,1,0
GLWDALKYYVGGL,1,1,1,0,0,1,0
GLFTVWEAENGGL,0,0,1,0,1,1,1
RLYEVVAYYNGLVAYDFH,0,0,0,0,0,1,0
RFYKLFKGGPNIRRAHRT,1,1,1,0,0,1,0
GLRKVIKHCA,1,1,1,0,1,1,0
CKVKVWAAGIGLVR,1,1,1,0,1,1,0
IKKIRWKVYKVPEKALF,1,1,1,0,0,1,0
PKRVPKKRKASRHKAK,1,1,1,0,0,1,0
CFKKKWVACI,1,1,1,0,0,1,0
KKKMKKKKKV,1,1,1,0,0,1,0
RKSTPKQISEGYHPGEWL,0,0,1,0,0,1,0
KKIKVWAAC,1,1,1,0,0,1,1
PKRPFKYQK,1,1,1,0,0,1,0
CCKDVPSAC,1,1,1,0,1,1,0
RLGKLWKAGIGYNG,0,0,0,0,0,1,0
RFNTTFKLLQNNARRH,0,0,1,0,0,1,0
KKFKPVSIC,1,1,1,0,0,1,0
CDKDFAKACKM,0,0,1,0,1,1,1
CDQEVVIQP,1,1,1,1,1,1,0
PKRMPREFPS,0,0,1,0,0,1,0
GLFDLSGRAQIGGKGLGLTRYW,1,1,1,0,1,1,1
CKDAVVEDDSVLK,0,0,0,0,0,1,0
FLWRKLKGVWKI,1,1,1,0,0,1,0
KRFRQILTKRIRWCGRRLIR,1,1,1,0,0,1,0
CLQKVAAAYVGG,1,1,1,0,0,1,0
RKCKLGKVASGLNQD,1,1,1,0,0,1,0
GLGFWGKGASKIWHKHSGVV,0,0,0,0,0,1,0
CLFDVWVA,1,1,1,0,0,1,0
RKWKKFENKSN,0,0,0,0,0,1,0
KKFHYWTDCNHYMCHKQA,0,0,0,0,0,1,0
KKKRNKKRNK,1,1,1,0,1,1,0
KKSR,0,0,1,0,1,1,0
LLKHLFKAYKM,1,1,1,0,0,1,0
GLSDVAKAVAGGLGK,1,1,1,0,0,1,0
G,1,1,1,0,1,1,0
PKKRWWSIH,1,1,1,0,1,1,0
KKKRKKLKKQIRHCAHVG,0,0,1,0,0,1,0
GLIVLLKKAVGGLTGLGA,0,0,1,0,0,1,0
KKKRVWKKW,1,1,1,0,0,1,1
CGKTVSLAAQ,1,1,1,0,0,1,0
SFQEHWFQC,0,0,1,0,0,1,0
PFKRPKLPRYPR,0,0,1,0,0,1,0
GAQDLGAAGNHGN,1,1,1,0,0,1,0
KLFKLAKAVKGLL,1,1,1,1,1,1,0
CDQRHWIQC,0,0,1,0,0,1,0
CKKKVWVA,1,0,1,0,0,1,0
KLDKKYKLLRPFKRKKITQS,0,0,0,0,1,1,0
RKRRKFKNK,1,0,1,0,0,1,0
GYWIIDRTLLSGWPIHFKNKQK,0,0,0,0,0,1,0
CKDKVWWDP,1,1,1,0,0,1,0
KHFKVVAAC,1,1,1,0,0,1,1
IKKTPRPPR,1,1,1,1,0,1,0
GLTVRSRRCWVWGKKYGY,1,1,1,0,0,1,0
PKKPFWIPK,1,1,1,0,1,1,0
GLWDVIAKCI,1,1,1,0,0,1,0
RKHKKQIKRPPRPVRC,0,1,1,0,0,1,0
RLRKRKKKRRAI,1,1,1,1,1,1,1
GLPCVIKRAGKYMKKMA,1,1,1,0,1,1,0
GIWRFILKKIS,0,0,1,0,1,1,0
GLAIVVAVCM,1,1,1,0,1,1,0
CDFRVISPP,1,1,1,0,0,1,0
KLKLKYALKIWLI,0,1,1,0,0,1,0
CKKDVWAACKMR,1,1,1,1,1,1,0
CLFKVWAAY,1,1,1,0,0,1,0
CFDTNREDG,1,1,1,0,0,1,0
GLFDVIKKCASGMKGLG,0,0,1,0,0,1,1
WRKRLWIA,0,0,0,0,0,1,0
CGRKWSRKA,0,0,0,0,0,1,0
GLFKKSKKYVEG,0,0,1,1,0,1,0
GLPSILGGAAKGGVC,0,0,1,1,0,1,0
WVL,0,0,1,1,0,1,0
RKKIPQFLIT,0,0,1,1,0,1,0
HPQKVAAAC,0,1,1,0,0,1,0
RKFTPYEPR,1,1,1,0,1,1,0
CKQLVGWKC,0,0,0,0,0,1,0
CLQYVWA,0,0,0,0,0,1,0
CLTKLVKACAIGVLDNR,0,0,0,0,0,1,0
GCRRRLSKCG,1,1,1,0,1,1,0
PKPEKLFYKY,0,0,0,0,0,1,0
KFKRPKILKP,0,1,1,1,0,1,0
RFKKHSAL,0,0,1,0,0,1,1
RKKPPFYPRMPPH,0,0,0,0,0,1,0
